{
  "metadata": {
    "name": "Uaa",
    "author": "zhi",
    "version": 23,
    "source": "https://www.uaa.com",
    "regexp": "(www.|m.)?uaa.com/novel/(chapter|intro)[?]id=\\d+",
    "description": "V23: hiển thị tag, hỗ trợ nhấn vào tag (genres), bổ sung gợi ý bình luận",
    "locale": "zh_CN",
    "language": "javascript",
    "type": "chinese_novel",
    "tag": "nsfw"
  },
  "script": {
    "home": "home.js",
    "detail": "detail.js",
    "search": "search.js",
    "toc": "toc.js",
    "genre": "genre.js",
    "chap": "chap.js",
    "comment": "comment.js"
  }
}