{
  "metadata": {
    "name": "Uaa",
    "author": "Zhiv2",
    "version": 6,
    "source": "https://www.uaa.com",
    "regexp": "(www.|m.)?uaa.com/novel/(chapter|intro)[?]id=\\d+",
    "description": "V6: fix đọc",
    "locale": "zh_CN",
    "language": "javascript",
    "type": "chinese_novel",
    "tag": "nsfw"
  },
  "script": {
    "home": "src/home.js",
    "detail": "src/detail.js",
    "search": "src/search.js",
    "toc": "src/toc.js",
    "genre": "src/genre.js",
    "chap": "src/chap.js"
  }
}